{"cameraMode":{"drawMode":0,"name":"Shaded","section":"Shading Mode"},"sceneLighting":true,"audioPlay":false,"sceneViewState":{"showFog":true,"showMaterialUpdate":false,"showSkybox":false,"showFlares":true,"showImageEffects":true,"showParticleSystems":true},"in2DMode":false,"pivot":{"x":17.685775756835939,"y":-8.763559341430664,"z":11.444927215576172},"rotation":{"x":0.24064859747886659,"y":0.4078615605831146,"z":-0.11235617846250534,"w":0.8735703229904175},"size":24.932188034057618,"orthographic":false}