{"cameraMode":{"drawMode":0,"name":"Shaded","section":"Shading Mode"},"sceneLighting":true,"audioPlay":false,"sceneViewState":{"showFog":true,"showMaterialUpdate":false,"showSkybox":true,"showFlares":true,"showImageEffects":true,"showParticleSystems":true},"in2DMode":false,"pivot":{"x":6.549211502075195,"y":-10.828632354736329,"z":23.128877639770509},"rotation":{"x":0.2906688451766968,"y":0.1516191065311432,"z":-0.04668307676911354,"w":0.9436213374137878},"size":12.008097648620606,"orthographic":false}