condition,id,mental-demand,physical-demand,temporal-demand,performance,effort,frustration,total
Handle,2.125,73.125,52.5,59.375,50.0,61.25,47.5,57.29166625
Lab,2.625,61.25,65.625,64.375,49.375,75.0,54.375,61.66666625
Remote,2.4285714285714284,21.428571428571427,33.57142857142857,30.714285714285715,45.0,30.714285714285715,20.0,30.238094285714286
UI,2.625,15.625,24.375,35.0,36.875,35.625,21.875,28.2291675
