,conditon,mental-demand,physical-demand,temporal-demand,performance,effort,frustration,total
0,Handle,8.992184106211349,23.04886114323222,26.390990413396764,18.200274723201296,15.958931668504631,22.360679774997898,11.23262503176232
1,Lab,23.946555075835022,31.862742741327214,28.55230945125105,23.642850399222173,19.685019685029527,27.321866242992993,20.691182703428854
2,Remote,9.89743318610787,17.87142286170972,16.993396076243314,32.293298729878046,18.979043222266316,17.728105208558365,12.698538504833493
3,UI,10.734727523323542,17.929985359726317,25.0,34.905005013608005,23.10810193417019,17.66661753137821,14.65717806822373
